{"iteration": 0, "iter_time": 50.12607955932617, "data_time": 35.129638671875, "lr": 0.0, "wd": 0.04000000000000001, "mom": 0.994, "last_layer_lr": 0.0, "current_batch_size": 4.0, "total_loss": 14.853681564331055, "dino_local_crops_loss": 10.032544136047363, "dino_global_crops_loss": 1.254068374633789, "koleo_loss": 0.75537109375, "ibot_loss": 2.8116977214813232}
{"iteration": 10, "iter_time": 6.531301498413086, "data_time": 3.2399797439575195, "lr": 6.250062500625007e-10, "wd": 0.040000000025266186, "mom": 0.9940000000009475, "last_layer_lr": 0.0, "current_batch_size": 4.0, "total_loss": 14.853681564331055, "dino_local_crops_loss": 10.032544136047363, "dino_global_crops_loss": 1.2540682554244995, "koleo_loss": 0.75537109375, "ibot_loss": 2.8114824295043945}
{"iteration": 20, "iter_time": 2.7717909812927246, "data_time": 0.6302682161331177, "lr": 1.2500125001250013e-09, "wd": 0.040000000101064775, "mom": 0.99400000000379, "last_layer_lr": 0.0, "current_batch_size": 4.0, "total_loss": 14.840638160705566, "dino_local_crops_loss": 10.032543182373047, "dino_global_crops_loss": 1.25406813621521, "koleo_loss": 0.74365234375, "ibot_loss": 2.811184883117676}
{"iteration": 30, "iter_time": 3.3277111053466797, "data_time": 1.2117036581039429, "lr": 2.5000250002500027e-09, "wd": 0.040000000404258995, "mom": 0.9940000000151598, "last_layer_lr": 0.0, "current_batch_size": 4.0, "total_loss": 14.84229564666748, "dino_local_crops_loss": 10.03254222869873, "dino_global_crops_loss": 1.2540677785873413, "koleo_loss": 0.74609375, "ibot_loss": 2.8111774921417236}
{"iteration": 40, "iter_time": 3.085676670074463, "data_time": 0.9739087224006653, "lr": 3.750037500375004e-09, "wd": 0.04000000090958275, "mom": 0.9940000000341094, "last_layer_lr": 0.0, "current_batch_size": 4.0, "total_loss": 14.84781265258789, "dino_local_crops_loss": 10.032541275024414, "dino_global_crops_loss": 1.2540677785873413, "koleo_loss": 0.7529296875, "ibot_loss": 2.811138391494751}
{"iteration": 50, "iter_time": 3.102891206741333, "data_time": 0.9999101758003235, "lr": 5.000050000500005e-09, "wd": 0.040000001617035985, "mom": 0.9940000000606388, "last_layer_lr": 0.0, "current_batch_size": 4.0, "total_loss": 14.848112106323242, "dino_local_crops_loss": 10.032541275024414, "dino_global_crops_loss": 1.2540678977966309, "koleo_loss": 0.751953125, "ibot_loss": 2.8113811016082764}
{"iteration": 60, "iter_time": 3.395786762237549, "data_time": 1.3445073366165161, "lr": 6.250062500625007e-09, "wd": 0.0400000025266187, "mom": 0.9940000000947482, "last_layer_lr": 0.0, "current_batch_size": 4.0, "total_loss": 14.848130226135254, "dino_local_crops_loss": 10.03254222869873, "dino_global_crops_loss": 1.2540677785873413, "koleo_loss": 0.75, "ibot_loss": 2.8113811016082764}
{"iteration": 70, "iter_time": 3.412196636199951, "data_time": 1.3201866149902344, "lr": 7.500075000750008e-09, "wd": 0.04000000363833095, "mom": 0.9940000001364374, "last_layer_lr": 0.0, "current_batch_size": 4.0, "total_loss": 14.848499298095703, "dino_local_crops_loss": 10.03254222869873, "dino_global_crops_loss": 1.2540677785873413, "koleo_loss": 0.7490234375, "ibot_loss": 2.811598777770996}
{"iteration": 80, "iter_time": 2.87402081489563, "data_time": 0.7848357558250427, "lr": 8.75008750087501e-09, "wd": 0.04000000495217265, "mom": 0.9940000001857064, "last_layer_lr": 0.0, "current_batch_size": 4.0, "total_loss": 14.844218254089355, "dino_local_crops_loss": 10.03254222869873, "dino_global_crops_loss": 1.2540677785873413, "koleo_loss": 0.74462890625, "ibot_loss": 2.8117737770080566}
{"iteration": 90, "iter_time": 2.8611202239990234, "data_time": 0.7852538824081421, "lr": 1.000010000100001e-08, "wd": 0.04000000646814386, "mom": 0.9940000002425554, "last_layer_lr": 0.0, "current_batch_size": 4.0, "total_loss": 14.845318794250488, "dino_local_crops_loss": 10.03254222869873, "dino_global_crops_loss": 1.2540677785873413, "koleo_loss": 0.748046875, "ibot_loss": 2.8118133544921875}
